{
<<<<<<< Updated upstream
    "std": [
        48886.27573532457,
        7.668960115495322,
        7.706248473668927,
        7.613064059355023,
        7.663514712207373,
        7.832716381252747,
        38258620093.86239
    ],
    "mean": [
        20080284.135396976,
        22.330567107750454,
        22.504676275992388,
        22.133078922495244,
        22.327164461247563,
        14.789076086956468,
        11820924585.57845
    ],
    "model": "episode_110",
    "episode": 110
=======
    "model": "episode_0",
    "episode": 0,
    "window": 3,
    "std": [
        927.9168338957194,
        4.891524604303805,
        0.0,
        66201.47696598536,
        4.012866189068064,
        31.98021106782499,
        23875463.875373315,
        79147919.95444112,
        16413782.675191162,
        6.231861723221226,
        83283118.11572112,
        20594078.181271844,
        3669479.5510142352,
        19325668.415004224,
        16015184.13101331,
        13293660.063243836
    ],
    "mean": [
        3796.2996515679442,
        27.63198606271783,
        2002.0,
        409950.6635017417,
        6.347948606271766,
        28.371341463414655,
        35333900.14982578,
        187921587.9512195,
        136678545.23998258,
        13.189098432055882,
        294178711.8902439,
        37651492.478658535,
        28848645.149825785,
        35280219.17770035,
        60360803.31402439,
        26171133.87195122
    ]
>>>>>>> Stashed changes
}