{
    "std": [
        48886.27573532457,
        7.668960115495322,
        7.706248473668927,
        7.613064059355023,
        7.663514712207373,
        7.832716381252747,
        38258620093.86239
    ],
    "mean": [
        20080284.135396976,
        22.330567107750454,
        22.504676275992388,
        22.133078922495244,
        22.327164461247563,
        14.789076086956468,
        11820924585.57845
    ],
    "model": "episode_70",
    "episode": 70
}