{
    "model": "episode_1571",
    "episode": 1571,
    "reward": 805.9000000000012,
    "window": 20,
    "std": [
        662.7980461648933,
        25376.752239767866,
        4.891524604303805,
        66201.47696598536,
        4.012866189068064,
        30.54504028321747,
        27.963987139988678,
        2.487084447887949,
        3.1111448502265016,
        7.6111224138708105,
        2.495966761906648,
        0.3691386053364499,
        3.8315396938964037,
        1.6137807001202413,
        0.14628423202112378,
        0.41994928112566615,
        0.0,
        0.3005292181678418,
        0.07224513850535667,
        0.06070587030739654,
        1256021.0122704105,
        1256014.7497105214,
        0.9108003832609346,
        0.1356740255527132,
        0.0,
        0.0,
        0.1356740255527132,
        1.399221937621323,
        0.0,
        0.0409918263970599,
        66352.5282798744,
        0.0,
        9.867807704945564,
        9.932174841674893,
        7.959738823334241,
        7.810954951048608,
        0.0,
        7.893393168029845,
        105.65975967233595,
        105.65975967233595,
        981828.9579497784,
        36509.930169523424,
        9.68117243465187,
        6.720921994294823,
        11.7846082245317,
        11.853450323506879,
        9.780708260224126,
        9.568772312931323,
        30790.181062517015,
        13.551134566244327,
        1.9018184203157187,
        198516929.34004128,
        13023370.936276205,
        16317163.974201761,
        6.231861723221226,
        83283118.11572112,
        0.0,
        0.0,
        0.0,
        9.275394456392252,
        8.438488542058654,
        2.6381033537025402,
        0.3263942482378995,
        0.0,
        7.8852379088808275,
        4.891524604303805,
        1726307.474657668,
        0.0,
        1103.6704058272853,
        4.964738658351807,
        0.0,
        1077139.7480764815,
        17550410.564564098,
        13227716.355915852,
        17550410.564564098,
        15760713.651696507,
        4042258.3235651017,
        0.0,
        22210937.726133607,
        26977399.13186859,
        23875463.875373315,
        60761764.063419566,
        79147919.95444112,
        3301558.9383412665,
        0.0,
        16413782.675191162,
        178205.53563382503,
        91778410.77092972,
        15229090.052430533,
        17130451.134063955,
        289694.14141515887,
        0.0,
        12062092.012602815,
        12062092.012602815,
        7736105.734843121,
        31061236.190398756,
        6493191.55535483,
        45986778.42426858,
        0.0,
        1365790.611837561,
        7075765.180912539,
        346157.8415106189,
        336056.97027653956,
        20594078.181271844,
        864119.2091192831,
        0.0,
        210031.74666774104,
        3669479.5510142352,
        131150.52622821782,
        1621720.574046124,
        19325668.415004224,
        4983267.230048201,
        0.0,
        13289023.498708205,
        17216.38287679094,
        10461957.649008743,
        18942434.44539028,
        16015184.13101331,
        13293660.063243836,
        0.0,
        8370.32453162682,
        1.2282205204756131,
        0.9879698349859245
    ],
    "mean": [
        1147.5,
        20099716.397212543,
        27.63198606271783,
        409950.6635017417,
        6.347948606271766,
        22.981097560975627,
        157.96903310104508,
        5.580719947735217,
        7.548591463414578,
        17.886948606271755,
        10.356968641114996,
        2.046043554006975,
        3.644874564459932,
        1.5318554006968614,
        0.1344568815331014,
        1.1441114982578489,
        1.0,
        1.5939982578397232,
        0.8900652439024608,
        0.003807926829268293,
        78792.47038327526,
        78792.0775261324,
        1.693828397212507,
        0.0071602787456446,
        0.0,
        0.0,
        0.0071602787456446,
        2.0729747386759625,
        0.0,
        0.2534284407665513,
        411448.04285714054,
        0.0,
        24.875605400696823,
        24.780548780487727,
        26.308013937282208,
        25.895722996515662,
        0.0,
        26.11997822299652,
        574.4228092334492,
        574.4228092334492,
        839975.122473898,
        35858.48327526118,
        29.60396341463412,
        31.32452090592331,
        27.99405487804876,
        27.88260017421602,
        29.82247386759586,
        29.346101916376316,
        31048.67251742165,
        12.892025261324038,
        17.47111498257841,
        501127568.858885,
        32014844.74738676,
        40946457.09494773,
        13.189098432055882,
        294178711.8902439,
        1000.0,
        0.0,
        0.0,
        3.365113240418119,
        3.123867595818816,
        7.750849303135898,
        1.5971036585365923,
        1.0,
        26.11519163763067,
        27.63198606271783,
        13295219.608013937,
        1000000.0,
        7685.947905052277,
        75.0801393728223,
        0.0,
        1831774.6607142857,
        80046621.21341464,
        149906165.0879791,
        80046621.21341464,
        43449555.19294425,
        14352600.12761324,
        0.0,
        71821065.97299652,
        114572264.93815331,
        35333900.14982578,
        116100521.978223,
        187921587.9512195,
        1928253.9233449476,
        0.0,
        136678545.23998258,
        121670.90592334495,
        400390075.135453,
        56573801.858013935,
        48105415.75,
        576892.7587108014,
        0.0,
        22132139.263937283,
        22132139.263937283,
        3107305.0339721255,
        1915367.2334494772,
        -3761909.242595819,
        340496484.6894599,
        0.0,
        11205052.661149826,
        22963229.38283972,
        373001.37282229966,
        181597.92987804877,
        37651492.478658535,
        2713111.9529616726,
        0.0,
        1609932.9673344947,
        28848645.149825785,
        121882.93597560975,
        880044.5945121951,
        35280219.17770035,
        6487430.75043554,
        0.0,
        26219114.654181186,
        47980.78222996516,
        19371628.360191636,
        37397573.93118467,
        60360803.31402439,
        26171133.87195122,
        0.0,
        15936.411149825784,
        2.0721297909407608,
        2.1601132404180947
    ]
}